{
  "annotations": {
    "list": [
      {
        "builtIn": 1,
        "datasource": {
          "type": "grafana",
          "uid": "-- Grafana --"
        },
        "enable": true,
        "hide": true,
        "iconColor": "rgba(0, 211, 255, 1)",
        "name": "Annotations & Alerts",
        "target": {
          "limit": 100,
          "matchAny": false,
          "tags": [],
          "type": "dashboard"
        },
        "type": "dashboard"
      }
    ]
  },
  "editable": true,
  "fiscalYearStartMonth": 0,
  "graphTooltip": 0,
  "id": 1,
  "links": [],
  "liveNow": false,
  "panels": [
    {
      "datasource": {
        "type": "loki",
        "uid": "P8E80F9AEF21F6940"
      },
      "gridPos": {
        "h": 30,
        "w": 11,
        "x": 0,
        "y": 0
      },
      "id": 2,
      "options": {
        "dedupStrategy": "none",
        "enableLogDetails": true,
        "prettifyLogMessage": false,
        "showCommonLabels": false,
        "showLabels": false,
        "showTime": false,
        "sortOrder": "Descending",
        "wrapLogMessage": false
      },
      "targets": [
        {
          "datasource": {
            "type": "loki",
            "uid": "P8E80F9AEF21F6940"
          },
          "expr": "{source=\"PythonApp\"}",
          "refId": "A"
        }
      ],
      "title": "Logs",
      "type": "logs"
    },
    {
      "datasource": {
        "type": "loki",
        "uid": "P8E80F9AEF21F6940"
      },
      "description": "",
      "fieldConfig": {
        "defaults": {
          "color": {
            "mode": "thresholds"
          },
          "mappings": [],
          "thresholds": {
            "mode": "absolute",
            "steps": [
              {
                "color": "red",
                "value": null
              }
            ]
          }
        },
        "overrides": []
      },
      "gridPos": {
        "h": 10,
        "w": 4,
        "x": 11,
        "y": 0
      },
      "id": 3,
      "options": {
        "colorMode": "value",
        "graphMode": "none",
        "justifyMode": "auto",
        "orientation": "auto",
        "reduceOptions": {
          "calcs": [
            "lastNotNull"
          ],
          "fields": "",
          "values": false
        },
        "textMode": "auto"
      },
      "pluginVersion": "8.5.0",
      "targets": [
        {
          "datasource": {
            "type": "loki",
            "uid": "tvqsxKw7z"
          },
          "expr": "sum(\n  count_over_time(\n  {source=\"PythonApp\"} \n  | logfmt \n  | code = 202\n  [1h]\n  )\n)",
          "refId": "A"
        }
      ],
      "title": "ERRORS",
      "type": "stat"
    },
    {
      "datasource": {
        "type": "loki",
        "uid": "P8E80F9AEF21F6940"
      },
      "fieldConfig": {
        "defaults": {
          "color": {
            "mode": "thresholds"
          },
          "mappings": [],
          "thresholds": {
            "mode": "absolute",
            "steps": [
              {
                "color": "yellow",
                "value": null
              }
            ]
          }
        },
        "overrides": []
      },
      "gridPos": {
        "h": 10,
        "w": 4,
        "x": 15,
        "y": 0
      },
      "id": 6,
      "options": {
        "colorMode": "value",
        "graphMode": "none",
        "justifyMode": "auto",
        "orientation": "auto",
        "reduceOptions": {
          "calcs": [
            "lastNotNull"
          ],
          "fields": "",
          "values": false
        },
        "textMode": "auto"
      },
      "pluginVersion": "8.5.0",
      "targets": [
        {
          "datasource": {
            "type": "loki",
            "uid": "tvqsxKw7z"
          },
          "expr": "sum(\n  count_over_time(\n  {source=\"PythonApp\"} \n  | logfmt \n  | code = 201 \n  [1h]\n  )\n)",
          "refId": "A"
        }
      ],
      "title": "WARNING",
      "type": "stat"
    },
    {
      "datasource": {},
      "fieldConfig": {
        "defaults": {
          "color": {
            "mode": "thresholds"
          },
          "mappings": [],
          "thresholds": {
            "mode": "absolute",
            "steps": [
              {
                "color": "green",
                "value": null
              }
            ]
          }
        },
        "overrides": []
      },
      "gridPos": {
        "h": 10,
        "w": 4,
        "x": 19,
        "y": 0
      },
      "id": 4,
      "options": {
        "colorMode": "value",
        "graphMode": "none",
        "justifyMode": "auto",
        "orientation": "auto",
        "reduceOptions": {
          "calcs": [
            "lastNotNull"
          ],
          "fields": "",
          "values": false
        },
        "textMode": "auto"
      },
      "pluginVersion": "8.5.0",
      "targets": [
        {
          "datasource": {
            "type": "loki",
            "uid": "tvqsxKw7z"
          },
          "expr": "sum(\n  count_over_time(\n  {source=\"PythonApp\"} \n  | logfmt \n  | code = 200 \n  [1h]\n  )\n)",
          "refId": "A"
        }
      ],
      "title": "INFO",
      "type": "stat"
    },
    {
      "datasource": {
        "type": "loki",
        "uid": "P8E80F9AEF21F6940"
      },
      "gridPos": {
        "h": 9,
        "w": 12,
        "x": 11,
        "y": 10
      },
      "id": 5,
      "options": {
        "dedupStrategy": "none",
        "enableLogDetails": true,
        "prettifyLogMessage": false,
        "showCommonLabels": false,
        "showLabels": false,
        "showTime": false,
        "sortOrder": "Descending",
        "wrapLogMessage": false
      },
      "pluginVersion": "8.5.0",
      "targets": [
        {
          "datasource": {
            "type": "loki",
            "uid": "tvqsxKw7z"
          },
          "expr": "{source=\"PythonApp\"}\n| logfmt \n| code = 202",
          "refId": "A"
        }
      ],
      "title": "ERRORS",
      "type": "logs"
    },
    {
      "datasource": {
        "type": "loki",
        "uid": "P8E80F9AEF21F6940"
      },
      "fieldConfig": {
        "defaults": {
          "color": {
            "mode": "thresholds"
          },
          "mappings": [],
          "thresholds": {
            "mode": "absolute",
            "steps": [
              {
                "color": "blue",
                "value": null
              }
            ]
          }
        },
        "overrides": []
      },
      "gridPos": {
        "h": 11,
        "w": 4,
        "x": 11,
        "y": 19
      },
      "id": 7,
      "options": {
        "colorMode": "value",
        "graphMode": "none",
        "justifyMode": "auto",
        "orientation": "auto",
        "reduceOptions": {
          "calcs": [
            "lastNotNull"
          ],
          "fields": "",
          "values": false
        },
        "textMode": "auto"
      },
      "pluginVersion": "8.5.0",
      "targets": [
        {
          "datasource": {
            "type": "loki",
            "uid": "tvqsxKw7z"
          },
          "expr": "sum(\n  count_over_time(\n  {source=\"PythonApp\"} \n  | logfmt \n  | userId = 1\n  [1h]\n  )\n)",
          "refId": "A"
        }
      ],
      "title": "USER 1",
      "type": "stat"
    },
    {
      "datasource": {
        "type": "loki",
        "uid": "P8E80F9AEF21F6940"
      },
      "fieldConfig": {
        "defaults": {
          "color": {
            "mode": "thresholds"
          },
          "mappings": [],
          "thresholds": {
            "mode": "absolute",
            "steps": [
              {
                "color": "blue",
                "value": null
              }
            ]
          }
        },
        "overrides": []
      },
      "gridPos": {
        "h": 11,
        "w": 4,
        "x": 15,
        "y": 19
      },
      "id": 8,
      "options": {
        "colorMode": "value",
        "graphMode": "none",
        "justifyMode": "auto",
        "orientation": "auto",
        "reduceOptions": {
          "calcs": [
            "lastNotNull"
          ],
          "fields": "",
          "values": false
        },
        "textMode": "auto"
      },
      "pluginVersion": "8.5.0",
      "targets": [
        {
          "datasource": {
            "type": "loki",
            "uid": "tvqsxKw7z"
          },
          "expr": "sum(\n  count_over_time(\n  {source=\"PythonApp\"} \n  | logfmt \n  | userId = 2\n  [1h]\n  )\n)",
          "refId": "A"
        }
      ],
      "title": "USER 2",
      "type": "stat"
    },
    {
      "datasource": {
        "type": "loki",
        "uid": "P8E80F9AEF21F6940"
      },
      "fieldConfig": {
        "defaults": {
          "color": {
            "mode": "thresholds"
          },
          "mappings": [],
          "thresholds": {
            "mode": "absolute",
            "steps": [
              {
                "color": "blue",
                "value": null
              }
            ]
          }
        },
        "overrides": []
      },
      "gridPos": {
        "h": 11,
        "w": 4,
        "x": 19,
        "y": 19
      },
      "id": 9,
      "options": {
        "colorMode": "value",
        "graphMode": "none",
        "justifyMode": "auto",
        "orientation": "auto",
        "reduceOptions": {
          "calcs": [
            "lastNotNull"
          ],
          "fields": "",
          "values": false
        },
        "textMode": "auto"
      },
      "pluginVersion": "8.5.0",
      "targets": [
        {
          "datasource": {
            "type": "loki",
            "uid": "tvqsxKw7z"
          },
          "expr": "sum(\n  count_over_time(\n  {source=\"PythonApp\"} \n  | logfmt \n  | userId = 3\n  [1h]\n  )\n)",
          "refId": "A"
        }
      ],
      "title": "USER 3",
      "type": "stat"
    }
  ],
  "refresh": "5s",
  "schemaVersion": 36,
  "style": "dark",
  "tags": [],
  "templating": {
    "list": []
  },
  "time": {
    "from": "now-15m",
    "to": "now"
  },
  "timepicker": {},
  "timezone": "",
  "title": "Python Dashboard",
  "uid": "32Q0icw7z",
  "version": 1,
  "weekStart": ""
}